[{"name":"abstract class AbstractPhysicalBody : PhysicalBodyInterface","description":"de.chaffic.dynamics.bodies.AbstractPhysicalBody","location":"-k-physics/de.chaffic.dynamics.bodies/-abstract-physical-body/index.html","searchKeys":["AbstractPhysicalBody","abstract class AbstractPhysicalBody : PhysicalBodyInterface","de.chaffic.dynamics.bodies.AbstractPhysicalBody"]},{"name":"abstract class Joint","description":"de.chaffic.joints.Joint","location":"-k-physics/de.chaffic.joints/-joint/index.html","searchKeys":["Joint","abstract class Joint","de.chaffic.joints.Joint"]},{"name":"abstract class Shape","description":"de.chaffic.geometry.Shape","location":"-k-physics/de.chaffic.geometry/-shape/index.html","searchKeys":["Shape","abstract class Shape","de.chaffic.geometry.Shape"]},{"name":"abstract fun applyBlastImpulse(blastPower: Double)","description":"de.chaffic.explosions.Explosion.applyBlastImpulse","location":"-k-physics/de.chaffic.explosions/-explosion/apply-blast-impulse.html","searchKeys":["applyBlastImpulse","abstract fun applyBlastImpulse(blastPower: Double)","de.chaffic.explosions.Explosion.applyBlastImpulse"]},{"name":"abstract fun applyForce(force: Vec2)","description":"de.chaffic.dynamics.bodies.PhysicalBodyInterface.applyForce","location":"-k-physics/de.chaffic.dynamics.bodies/-physical-body-interface/apply-force.html","searchKeys":["applyForce","abstract fun applyForce(force: Vec2)","de.chaffic.dynamics.bodies.PhysicalBodyInterface.applyForce"]},{"name":"abstract fun applyForce(force: Vec2, contactPoint: Vec2)","description":"de.chaffic.dynamics.bodies.PhysicalBodyInterface.applyForce","location":"-k-physics/de.chaffic.dynamics.bodies/-physical-body-interface/apply-force.html","searchKeys":["applyForce","abstract fun applyForce(force: Vec2, contactPoint: Vec2)","de.chaffic.dynamics.bodies.PhysicalBodyInterface.applyForce"]},{"name":"abstract fun applyLinearImpulse(impulse: Vec2)","description":"de.chaffic.dynamics.bodies.PhysicalBodyInterface.applyLinearImpulse","location":"-k-physics/de.chaffic.dynamics.bodies/-physical-body-interface/apply-linear-impulse.html","searchKeys":["applyLinearImpulse","abstract fun applyLinearImpulse(impulse: Vec2)","de.chaffic.dynamics.bodies.PhysicalBodyInterface.applyLinearImpulse"]},{"name":"abstract fun applyLinearImpulse(impulse: Vec2, contactPoint: Vec2)","description":"de.chaffic.dynamics.bodies.PhysicalBodyInterface.applyLinearImpulse","location":"-k-physics/de.chaffic.dynamics.bodies/-physical-body-interface/apply-linear-impulse.html","searchKeys":["applyLinearImpulse","abstract fun applyLinearImpulse(impulse: Vec2, contactPoint: Vec2)","de.chaffic.dynamics.bodies.PhysicalBodyInterface.applyLinearImpulse"]},{"name":"abstract fun applyTension()","description":"de.chaffic.joints.Joint.applyTension","location":"-k-physics/de.chaffic.joints/-joint/apply-tension.html","searchKeys":["applyTension","abstract fun applyTension()","de.chaffic.joints.Joint.applyTension"]},{"name":"abstract fun calcMass(density: Double)","description":"de.chaffic.geometry.Shape.calcMass","location":"-k-physics/de.chaffic.geometry/-shape/calc-mass.html","searchKeys":["calcMass","abstract fun calcMass(density: Double)","de.chaffic.geometry.Shape.calcMass"]},{"name":"abstract fun calculateTension(): Double","description":"de.chaffic.joints.Joint.calculateTension","location":"-k-physics/de.chaffic.joints/-joint/calculate-tension.html","searchKeys":["calculateTension","abstract fun calculateTension(): Double","de.chaffic.joints.Joint.calculateTension"]},{"name":"abstract fun createAABB()","description":"de.chaffic.geometry.Shape.createAABB","location":"-k-physics/de.chaffic.geometry/-shape/create-a-a-b-b.html","searchKeys":["createAABB","abstract fun createAABB()","de.chaffic.geometry.Shape.createAABB"]},{"name":"abstract fun isPointInside(startPoint: Vec2): Boolean","description":"de.chaffic.geometry.Shape.isPointInside","location":"-k-physics/de.chaffic.geometry/-shape/is-point-inside.html","searchKeys":["isPointInside","abstract fun isPointInside(startPoint: Vec2): Boolean","de.chaffic.geometry.Shape.isPointInside"]},{"name":"abstract fun rateOfChangeOfExtension(): Double","description":"de.chaffic.joints.Joint.rateOfChangeOfExtension","location":"-k-physics/de.chaffic.joints/-joint/rate-of-change-of-extension.html","searchKeys":["rateOfChangeOfExtension","abstract fun rateOfChangeOfExtension(): Double","de.chaffic.joints.Joint.rateOfChangeOfExtension"]},{"name":"abstract fun rayIntersect(startPoint: Vec2, endPoint: Vec2, maxDistance: Double, rayLength: Double): Shape.IntersectionReturnElement","description":"de.chaffic.geometry.Shape.rayIntersect","location":"-k-physics/de.chaffic.geometry/-shape/ray-intersect.html","searchKeys":["rayIntersect","abstract fun rayIntersect(startPoint: Vec2, endPoint: Vec2, maxDistance: Double, rayLength: Double): Shape.IntersectionReturnElement","de.chaffic.geometry.Shape.rayIntersect"]},{"name":"abstract fun setEpicentre(v: Vec2)","description":"de.chaffic.explosions.Explosion.setEpicentre","location":"-k-physics/de.chaffic.explosions/-explosion/set-epicentre.html","searchKeys":["setEpicentre","abstract fun setEpicentre(v: Vec2)","de.chaffic.explosions.Explosion.setEpicentre"]},{"name":"abstract fun setStatic()","description":"de.chaffic.dynamics.bodies.PhysicalBodyInterface.setStatic","location":"-k-physics/de.chaffic.dynamics.bodies/-physical-body-interface/set-static.html","searchKeys":["setStatic","abstract fun setStatic()","de.chaffic.dynamics.bodies.PhysicalBodyInterface.setStatic"]},{"name":"abstract fun update(bodiesToEvaluate: ArrayList<TranslatableBody>)","description":"de.chaffic.explosions.Explosion.update","location":"-k-physics/de.chaffic.explosions/-explosion/update.html","searchKeys":["update","abstract fun update(bodiesToEvaluate: ArrayList<TranslatableBody>)","de.chaffic.explosions.Explosion.update"]},{"name":"abstract var aabb: AxisAlignedBoundingBox","description":"de.chaffic.collision.bodies.CollisionBodyInterface.aabb","location":"-k-physics/de.chaffic.collision.bodies/-collision-body-interface/aabb.html","searchKeys":["aabb","abstract var aabb: AxisAlignedBoundingBox","de.chaffic.collision.bodies.CollisionBodyInterface.aabb"]},{"name":"abstract var affectedByGravity: Boolean","description":"de.chaffic.dynamics.bodies.PhysicalBodyInterface.affectedByGravity","location":"-k-physics/de.chaffic.dynamics.bodies/-physical-body-interface/affected-by-gravity.html","searchKeys":["affectedByGravity","abstract var affectedByGravity: Boolean","de.chaffic.dynamics.bodies.PhysicalBodyInterface.affectedByGravity"]},{"name":"abstract var angularDampening: Double","description":"de.chaffic.dynamics.bodies.PhysicalBodyInterface.angularDampening","location":"-k-physics/de.chaffic.dynamics.bodies/-physical-body-interface/angular-dampening.html","searchKeys":["angularDampening","abstract var angularDampening: Double","de.chaffic.dynamics.bodies.PhysicalBodyInterface.angularDampening"]},{"name":"abstract var angularVelocity: Double","description":"de.chaffic.dynamics.bodies.PhysicalBodyInterface.angularVelocity","location":"-k-physics/de.chaffic.dynamics.bodies/-physical-body-interface/angular-velocity.html","searchKeys":["angularVelocity","abstract var angularVelocity: Double","de.chaffic.dynamics.bodies.PhysicalBodyInterface.angularVelocity"]},{"name":"abstract var density: Double","description":"de.chaffic.dynamics.bodies.PhysicalBodyInterface.density","location":"-k-physics/de.chaffic.dynamics.bodies/-physical-body-interface/density.html","searchKeys":["density","abstract var density: Double","de.chaffic.dynamics.bodies.PhysicalBodyInterface.density"]},{"name":"abstract var dynamicFriction: Double","description":"de.chaffic.collision.bodies.CollisionBodyInterface.dynamicFriction","location":"-k-physics/de.chaffic.collision.bodies/-collision-body-interface/dynamic-friction.html","searchKeys":["dynamicFriction","abstract var dynamicFriction: Double","de.chaffic.collision.bodies.CollisionBodyInterface.dynamicFriction"]},{"name":"abstract var force: Vec2","description":"de.chaffic.dynamics.bodies.PhysicalBodyInterface.force","location":"-k-physics/de.chaffic.dynamics.bodies/-physical-body-interface/force.html","searchKeys":["force","abstract var force: Vec2","de.chaffic.dynamics.bodies.PhysicalBodyInterface.force"]},{"name":"abstract var inertia: Double","description":"de.chaffic.dynamics.bodies.PhysicalBodyInterface.inertia","location":"-k-physics/de.chaffic.dynamics.bodies/-physical-body-interface/inertia.html","searchKeys":["inertia","abstract var inertia: Double","de.chaffic.dynamics.bodies.PhysicalBodyInterface.inertia"]},{"name":"abstract var invInertia: Double","description":"de.chaffic.dynamics.bodies.PhysicalBodyInterface.invInertia","location":"-k-physics/de.chaffic.dynamics.bodies/-physical-body-interface/inv-inertia.html","searchKeys":["invInertia","abstract var invInertia: Double","de.chaffic.dynamics.bodies.PhysicalBodyInterface.invInertia"]},{"name":"abstract var invMass: Double","description":"de.chaffic.dynamics.bodies.PhysicalBodyInterface.invMass","location":"-k-physics/de.chaffic.dynamics.bodies/-physical-body-interface/inv-mass.html","searchKeys":["invMass","abstract var invMass: Double","de.chaffic.dynamics.bodies.PhysicalBodyInterface.invMass"]},{"name":"abstract var linearDampening: Double","description":"de.chaffic.dynamics.bodies.PhysicalBodyInterface.linearDampening","location":"-k-physics/de.chaffic.dynamics.bodies/-physical-body-interface/linear-dampening.html","searchKeys":["linearDampening","abstract var linearDampening: Double","de.chaffic.dynamics.bodies.PhysicalBodyInterface.linearDampening"]},{"name":"abstract var mass: Double","description":"de.chaffic.dynamics.bodies.PhysicalBodyInterface.mass","location":"-k-physics/de.chaffic.dynamics.bodies/-physical-body-interface/mass.html","searchKeys":["mass","abstract var mass: Double","de.chaffic.dynamics.bodies.PhysicalBodyInterface.mass"]},{"name":"abstract var orientation: Double","description":"de.chaffic.collision.bodies.CollisionBodyInterface.orientation","location":"-k-physics/de.chaffic.collision.bodies/-collision-body-interface/orientation.html","searchKeys":["orientation","abstract var orientation: Double","de.chaffic.collision.bodies.CollisionBodyInterface.orientation"]},{"name":"abstract var particle: Boolean","description":"de.chaffic.dynamics.bodies.PhysicalBodyInterface.particle","location":"-k-physics/de.chaffic.dynamics.bodies/-physical-body-interface/particle.html","searchKeys":["particle","abstract var particle: Boolean","de.chaffic.dynamics.bodies.PhysicalBodyInterface.particle"]},{"name":"abstract var position: Vec2","description":"de.chaffic.geometry.bodies.TranslatableBody.position","location":"-k-physics/de.chaffic.geometry.bodies/-translatable-body/position.html","searchKeys":["position","abstract var position: Vec2","de.chaffic.geometry.bodies.TranslatableBody.position"]},{"name":"abstract var restitution: Double","description":"de.chaffic.dynamics.bodies.PhysicalBodyInterface.restitution","location":"-k-physics/de.chaffic.dynamics.bodies/-physical-body-interface/restitution.html","searchKeys":["restitution","abstract var restitution: Double","de.chaffic.dynamics.bodies.PhysicalBodyInterface.restitution"]},{"name":"abstract var shape: Shape","description":"de.chaffic.collision.bodies.CollisionBodyInterface.shape","location":"-k-physics/de.chaffic.collision.bodies/-collision-body-interface/shape.html","searchKeys":["shape","abstract var shape: Shape","de.chaffic.collision.bodies.CollisionBodyInterface.shape"]},{"name":"abstract var staticFriction: Double","description":"de.chaffic.collision.bodies.CollisionBodyInterface.staticFriction","location":"-k-physics/de.chaffic.collision.bodies/-collision-body-interface/static-friction.html","searchKeys":["staticFriction","abstract var staticFriction: Double","de.chaffic.collision.bodies.CollisionBodyInterface.staticFriction"]},{"name":"abstract var torque: Double","description":"de.chaffic.dynamics.bodies.PhysicalBodyInterface.torque","location":"-k-physics/de.chaffic.dynamics.bodies/-physical-body-interface/torque.html","searchKeys":["torque","abstract var torque: Double","de.chaffic.dynamics.bodies.PhysicalBodyInterface.torque"]},{"name":"abstract var velocity: Vec2","description":"de.chaffic.dynamics.bodies.PhysicalBodyInterface.velocity","location":"-k-physics/de.chaffic.dynamics.bodies/-physical-body-interface/velocity.html","searchKeys":["velocity","abstract var velocity: Vec2","de.chaffic.dynamics.bodies.PhysicalBodyInterface.velocity"]},{"name":"class Arbiter(a: TranslatableBody, b: TranslatableBody)","description":"de.chaffic.collision.Arbiter","location":"-k-physics/de.chaffic.collision/-arbiter/index.html","searchKeys":["Arbiter","class Arbiter(a: TranslatableBody, b: TranslatableBody)","de.chaffic.collision.Arbiter"]},{"name":"class AxisAlignedBoundingBox(min: Vec2, max: Vec2)","description":"de.chaffic.collision.AxisAlignedBoundingBox","location":"-k-physics/de.chaffic.collision/-axis-aligned-bounding-box/index.html","searchKeys":["AxisAlignedBoundingBox","class AxisAlignedBoundingBox(min: Vec2, max: Vec2)","de.chaffic.collision.AxisAlignedBoundingBox"]},{"name":"class AxisData","description":"de.chaffic.collision.AxisData","location":"-k-physics/de.chaffic.collision/-axis-data/index.html","searchKeys":["AxisData","class AxisData","de.chaffic.collision.AxisData"]},{"name":"class Body(shape: Shape, x: Double, y: Double) : AbstractPhysicalBody, CollisionBodyInterface","description":"de.chaffic.dynamics.Body","location":"-k-physics/de.chaffic.dynamics/-body/index.html","searchKeys":["Body","class Body(shape: Shape, x: Double, y: Double) : AbstractPhysicalBody, CollisionBodyInterface","de.chaffic.dynamics.Body"]},{"name":"class Circle(radius: Double) : Shape","description":"de.chaffic.geometry.Circle","location":"-k-physics/de.chaffic.geometry/-circle/index.html","searchKeys":["Circle","class Circle(radius: Double) : Shape","de.chaffic.geometry.Circle"]},{"name":"class CollisionBody(shape: Shape, x: Double, y: Double) : CollisionBodyInterface","description":"de.chaffic.collision.bodies.CollisionBody","location":"-k-physics/de.chaffic.collision.bodies/-collision-body/index.html","searchKeys":["CollisionBody","class CollisionBody(shape: Shape, x: Double, y: Double) : CollisionBodyInterface","de.chaffic.collision.bodies.CollisionBody"]},{"name":"class IntersectionReturnElement(minPx: Double, minPy: Double, intersectionFound: Boolean, closestBody: TranslatableBody?, maxDistance: Double)","description":"de.chaffic.geometry.Shape.IntersectionReturnElement","location":"-k-physics/de.chaffic.geometry/-shape/-intersection-return-element/index.html","searchKeys":["IntersectionReturnElement","class IntersectionReturnElement(minPx: Double, minPy: Double, intersectionFound: Boolean, closestBody: TranslatableBody?, maxDistance: Double)","de.chaffic.geometry.Shape.IntersectionReturnElement"]},{"name":"class JointToBody(body1: Body, body2: Body, jointLength: Double, jointConstant: Double, dampening: Double, canGoSlack: Boolean, offset1: Vec2, offset2: Vec2) : Joint","description":"de.chaffic.joints.JointToBody","location":"-k-physics/de.chaffic.joints/-joint-to-body/index.html","searchKeys":["JointToBody","class JointToBody(body1: Body, body2: Body, jointLength: Double, jointConstant: Double, dampening: Double, canGoSlack: Boolean, offset1: Vec2, offset2: Vec2) : Joint","de.chaffic.joints.JointToBody"]},{"name":"class JointToPoint(b1: Body, pointAttachedTo: Vec2, jointLength: Double, jointConstant: Double, dampening: Double, canGoSlack: Boolean, offset: Vec2) : Joint","description":"de.chaffic.joints.JointToPoint","location":"-k-physics/de.chaffic.joints/-joint-to-point/index.html","searchKeys":["JointToPoint","class JointToPoint(b1: Body, pointAttachedTo: Vec2, jointLength: Double, jointConstant: Double, dampening: Double, canGoSlack: Boolean, offset: Vec2) : Joint","de.chaffic.joints.JointToPoint"]},{"name":"class Mat2","description":"de.chaffic.math.Mat2","location":"-k-physics/de.chaffic.math/-mat2/index.html","searchKeys":["Mat2","class Mat2","de.chaffic.math.Mat2"]},{"name":"class ParticleExplosion(epicentre: Vec2, noOfParticles: Int, lifespan: Double)","description":"de.chaffic.explosions.ParticleExplosion","location":"-k-physics/de.chaffic.explosions/-particle-explosion/index.html","searchKeys":["ParticleExplosion","class ParticleExplosion(epicentre: Vec2, noOfParticles: Int, lifespan: Double)","de.chaffic.explosions.ParticleExplosion"]},{"name":"class PhysicalBody(x: Double, y: Double) : AbstractPhysicalBody","description":"de.chaffic.dynamics.bodies.PhysicalBody","location":"-k-physics/de.chaffic.dynamics.bodies/-physical-body/index.html","searchKeys":["PhysicalBody","class PhysicalBody(x: Double, y: Double) : AbstractPhysicalBody","de.chaffic.dynamics.bodies.PhysicalBody"]},{"name":"class Polygon : Shape","description":"de.chaffic.geometry.Polygon","location":"-k-physics/de.chaffic.geometry/-polygon/index.html","searchKeys":["Polygon","class Polygon : Shape","de.chaffic.geometry.Polygon"]},{"name":"class ProximityExplosion(epicentre: Vec2, proximity: Int) : Explosion","description":"de.chaffic.explosions.ProximityExplosion","location":"-k-physics/de.chaffic.explosions/-proximity-explosion/index.html","searchKeys":["ProximityExplosion","class ProximityExplosion(epicentre: Vec2, proximity: Int) : Explosion","de.chaffic.explosions.ProximityExplosion"]},{"name":"class Ray(startPoint: Vec2, direction: Vec2, distance: Double)","description":"de.chaffic.rays.Ray","location":"-k-physics/de.chaffic.rays/-ray/index.html","searchKeys":["Ray","class Ray(startPoint: Vec2, direction: Vec2, distance: Double)","de.chaffic.rays.Ray"]},{"name":"class RayAngleInformation(ray: Ray, angle: Double)","description":"de.chaffic.rays.RayAngleInformation","location":"-k-physics/de.chaffic.rays/-ray-angle-information/index.html","searchKeys":["RayAngleInformation","class RayAngleInformation(ray: Ray, angle: Double)","de.chaffic.rays.RayAngleInformation"]},{"name":"class RayInformation","description":"de.chaffic.rays.RayInformation","location":"-k-physics/de.chaffic.rays/-ray-information/index.html","searchKeys":["RayInformation","class RayInformation","de.chaffic.rays.RayInformation"]},{"name":"class RayScatter(epicentre: Vec2, noOfRays: Int)","description":"de.chaffic.explosions.RayScatter","location":"-k-physics/de.chaffic.explosions/-ray-scatter/index.html","searchKeys":["RayScatter","class RayScatter(epicentre: Vec2, noOfRays: Int)","de.chaffic.explosions.RayScatter"]},{"name":"class RaycastExplosion(epicentre: Vec2, noOfRays: Int, distance: Double, worldBodies: ArrayList<TranslatableBody>) : Explosion","description":"de.chaffic.explosions.RaycastExplosion","location":"-k-physics/de.chaffic.explosions/-raycast-explosion/index.html","searchKeys":["RaycastExplosion","class RaycastExplosion(epicentre: Vec2, noOfRays: Int, distance: Double, worldBodies: ArrayList<TranslatableBody>) : Explosion","de.chaffic.explosions.RaycastExplosion"]},{"name":"class ShadowCasting(startPoint: Vec2, distance: Double)","description":"de.chaffic.rays.ShadowCasting","location":"-k-physics/de.chaffic.rays/-shadow-casting/index.html","searchKeys":["ShadowCasting","class ShadowCasting(startPoint: Vec2, distance: Double)","de.chaffic.rays.ShadowCasting"]},{"name":"class Slice(startPoint: Vec2, direction: Vec2, distance: Double)","description":"de.chaffic.rays.Slice","location":"-k-physics/de.chaffic.rays/-slice/index.html","searchKeys":["Slice","class Slice(startPoint: Vec2, direction: Vec2, distance: Double)","de.chaffic.rays.Slice"]},{"name":"class Vec2(x: Double, y: Double)","description":"de.chaffic.math.Vec2","location":"-k-physics/de.chaffic.math/-vec2/index.html","searchKeys":["Vec2","class Vec2(x: Double, y: Double)","de.chaffic.math.Vec2"]},{"name":"class World(gravity: Vec2)","description":"de.chaffic.dynamics.World","location":"-k-physics/de.chaffic.dynamics/-world/index.html","searchKeys":["World","class World(gravity: Vec2)","de.chaffic.dynamics.World"]},{"name":"const val BIAS_ABSOLUTE: Double = 0.01","description":"de.chaffic.dynamics.Physics.BIAS_ABSOLUTE","location":"-k-physics/de.chaffic.dynamics/-physics/-b-i-a-s_-a-b-s-o-l-u-t-e.html","searchKeys":["BIAS_ABSOLUTE","const val BIAS_ABSOLUTE: Double = 0.01","de.chaffic.dynamics.Physics.BIAS_ABSOLUTE"]},{"name":"const val BIAS_RELATIVE: Double = 0.95","description":"de.chaffic.dynamics.Physics.BIAS_RELATIVE","location":"-k-physics/de.chaffic.dynamics/-physics/-b-i-a-s_-r-e-l-a-t-i-v-e.html","searchKeys":["BIAS_RELATIVE","const val BIAS_RELATIVE: Double = 0.95","de.chaffic.dynamics.Physics.BIAS_RELATIVE"]},{"name":"const val EPSILON: Double = 1.0E-12","description":"de.chaffic.dynamics.Physics.EPSILON","location":"-k-physics/de.chaffic.dynamics/-physics/-e-p-s-i-l-o-n.html","searchKeys":["EPSILON","const val EPSILON: Double = 1.0E-12","de.chaffic.dynamics.Physics.EPSILON"]},{"name":"const val ITERATIONS: Int = 100","description":"de.chaffic.dynamics.Physics.ITERATIONS","location":"-k-physics/de.chaffic.dynamics/-physics/-i-t-e-r-a-t-i-o-n-s.html","searchKeys":["ITERATIONS","const val ITERATIONS: Int = 100","de.chaffic.dynamics.Physics.ITERATIONS"]},{"name":"const val PENETRATION_ALLOWANCE: Double = 0.01","description":"de.chaffic.dynamics.Physics.PENETRATION_ALLOWANCE","location":"-k-physics/de.chaffic.dynamics/-physics/-p-e-n-e-t-r-a-t-i-o-n_-a-l-l-o-w-a-n-c-e.html","searchKeys":["PENETRATION_ALLOWANCE","const val PENETRATION_ALLOWANCE: Double = 0.01","de.chaffic.dynamics.Physics.PENETRATION_ALLOWANCE"]},{"name":"const val PENETRATION_CORRECTION: Double = 0.5","description":"de.chaffic.dynamics.Physics.PENETRATION_CORRECTION","location":"-k-physics/de.chaffic.dynamics/-physics/-p-e-n-e-t-r-a-t-i-o-n_-c-o-r-r-e-c-t-i-o-n.html","searchKeys":["PENETRATION_CORRECTION","const val PENETRATION_CORRECTION: Double = 0.5","de.chaffic.dynamics.Physics.PENETRATION_CORRECTION"]},{"name":"fun <T> addBody(b: T): T","description":"de.chaffic.dynamics.World.addBody","location":"-k-physics/de.chaffic.dynamics/-world/add-body.html","searchKeys":["addBody","fun <T> addBody(b: T): T","de.chaffic.dynamics.World.addBody"]},{"name":"fun AbstractPhysicalBody()","description":"de.chaffic.dynamics.bodies.AbstractPhysicalBody.AbstractPhysicalBody","location":"-k-physics/de.chaffic.dynamics.bodies/-abstract-physical-body/-abstract-physical-body.html","searchKeys":["AbstractPhysicalBody","fun AbstractPhysicalBody()","de.chaffic.dynamics.bodies.AbstractPhysicalBody.AbstractPhysicalBody"]},{"name":"fun Arbiter(a: TranslatableBody, b: TranslatableBody)","description":"de.chaffic.collision.Arbiter.Arbiter","location":"-k-physics/de.chaffic.collision/-arbiter/-arbiter.html","searchKeys":["Arbiter","fun Arbiter(a: TranslatableBody, b: TranslatableBody)","de.chaffic.collision.Arbiter.Arbiter"]},{"name":"fun AxisAlignedBoundingBox(min: Vec2 = Vec2(), max: Vec2 = Vec2())","description":"de.chaffic.collision.AxisAlignedBoundingBox.AxisAlignedBoundingBox","location":"-k-physics/de.chaffic.collision/-axis-aligned-bounding-box/-axis-aligned-bounding-box.html","searchKeys":["AxisAlignedBoundingBox","fun AxisAlignedBoundingBox(min: Vec2 = Vec2(), max: Vec2 = Vec2())","de.chaffic.collision.AxisAlignedBoundingBox.AxisAlignedBoundingBox"]},{"name":"fun AxisData()","description":"de.chaffic.collision.AxisData.AxisData","location":"-k-physics/de.chaffic.collision/-axis-data/-axis-data.html","searchKeys":["AxisData","fun AxisData()","de.chaffic.collision.AxisData.AxisData"]},{"name":"fun Body(shape: Shape, x: Double, y: Double)","description":"de.chaffic.dynamics.Body.Body","location":"-k-physics/de.chaffic.dynamics/-body/-body.html","searchKeys":["Body","fun Body(shape: Shape, x: Double, y: Double)","de.chaffic.dynamics.Body.Body"]},{"name":"fun Circle(radius: Double)","description":"de.chaffic.geometry.Circle.Circle","location":"-k-physics/de.chaffic.geometry/-circle/-circle.html","searchKeys":["Circle","fun Circle(radius: Double)","de.chaffic.geometry.Circle.Circle"]},{"name":"fun CollisionBody(shape: Shape, x: Double, y: Double)","description":"de.chaffic.collision.bodies.CollisionBody.CollisionBody","location":"-k-physics/de.chaffic.collision.bodies/-collision-body/-collision-body.html","searchKeys":["CollisionBody","fun CollisionBody(shape: Shape, x: Double, y: Double)","de.chaffic.collision.bodies.CollisionBody.CollisionBody"]},{"name":"fun IntersectionReturnElement(minPx: Double, minPy: Double, intersectionFound: Boolean, closestBody: TranslatableBody?, maxDistance: Double)","description":"de.chaffic.geometry.Shape.IntersectionReturnElement.IntersectionReturnElement","location":"-k-physics/de.chaffic.geometry/-shape/-intersection-return-element/-intersection-return-element.html","searchKeys":["IntersectionReturnElement","fun IntersectionReturnElement(minPx: Double, minPy: Double, intersectionFound: Boolean, closestBody: TranslatableBody?, maxDistance: Double)","de.chaffic.geometry.Shape.IntersectionReturnElement.IntersectionReturnElement"]},{"name":"fun JointToBody(body1: Body, body2: Body, jointLength: Double, jointConstant: Double, dampening: Double, canGoSlack: Boolean, offset1: Vec2, offset2: Vec2)","description":"de.chaffic.joints.JointToBody.JointToBody","location":"-k-physics/de.chaffic.joints/-joint-to-body/-joint-to-body.html","searchKeys":["JointToBody","fun JointToBody(body1: Body, body2: Body, jointLength: Double, jointConstant: Double, dampening: Double, canGoSlack: Boolean, offset1: Vec2, offset2: Vec2)","de.chaffic.joints.JointToBody.JointToBody"]},{"name":"fun JointToPoint(b1: Body, pointAttachedTo: Vec2, jointLength: Double, jointConstant: Double, dampening: Double, canGoSlack: Boolean, offset: Vec2)","description":"de.chaffic.joints.JointToPoint.JointToPoint","location":"-k-physics/de.chaffic.joints/-joint-to-point/-joint-to-point.html","searchKeys":["JointToPoint","fun JointToPoint(b1: Body, pointAttachedTo: Vec2, jointLength: Double, jointConstant: Double, dampening: Double, canGoSlack: Boolean, offset: Vec2)","de.chaffic.joints.JointToPoint.JointToPoint"]},{"name":"fun Mat2()","description":"de.chaffic.math.Mat2.Mat2","location":"-k-physics/de.chaffic.math/-mat2/-mat2.html","searchKeys":["Mat2","fun Mat2()","de.chaffic.math.Mat2.Mat2"]},{"name":"fun Mat2(radians: Double)","description":"de.chaffic.math.Mat2.Mat2","location":"-k-physics/de.chaffic.math/-mat2/-mat2.html","searchKeys":["Mat2","fun Mat2(radians: Double)","de.chaffic.math.Mat2.Mat2"]},{"name":"fun ParticleExplosion(epicentre: Vec2, noOfParticles: Int, lifespan: Double)","description":"de.chaffic.explosions.ParticleExplosion.ParticleExplosion","location":"-k-physics/de.chaffic.explosions/-particle-explosion/-particle-explosion.html","searchKeys":["ParticleExplosion","fun ParticleExplosion(epicentre: Vec2, noOfParticles: Int, lifespan: Double)","de.chaffic.explosions.ParticleExplosion.ParticleExplosion"]},{"name":"fun PhysicalBody(x: Double, y: Double)","description":"de.chaffic.dynamics.bodies.PhysicalBody.PhysicalBody","location":"-k-physics/de.chaffic.dynamics.bodies/-physical-body/-physical-body.html","searchKeys":["PhysicalBody","fun PhysicalBody(x: Double, y: Double)","de.chaffic.dynamics.bodies.PhysicalBody.PhysicalBody"]},{"name":"fun Polygon(radius: Int, noOfSides: Int)","description":"de.chaffic.geometry.Polygon.Polygon","location":"-k-physics/de.chaffic.geometry/-polygon/-polygon.html","searchKeys":["Polygon","fun Polygon(radius: Int, noOfSides: Int)","de.chaffic.geometry.Polygon.Polygon"]},{"name":"fun Polygon(vertList: Array<Vec2>)","description":"de.chaffic.geometry.Polygon.Polygon","location":"-k-physics/de.chaffic.geometry/-polygon/-polygon.html","searchKeys":["Polygon","fun Polygon(vertList: Array<Vec2>)","de.chaffic.geometry.Polygon.Polygon"]},{"name":"fun Polygon(width: Double, height: Double)","description":"de.chaffic.geometry.Polygon.Polygon","location":"-k-physics/de.chaffic.geometry/-polygon/-polygon.html","searchKeys":["Polygon","fun Polygon(width: Double, height: Double)","de.chaffic.geometry.Polygon.Polygon"]},{"name":"fun ProximityExplosion(epicentre: Vec2, proximity: Int)","description":"de.chaffic.explosions.ProximityExplosion.ProximityExplosion","location":"-k-physics/de.chaffic.explosions/-proximity-explosion/-proximity-explosion.html","searchKeys":["ProximityExplosion","fun ProximityExplosion(epicentre: Vec2, proximity: Int)","de.chaffic.explosions.ProximityExplosion.ProximityExplosion"]},{"name":"fun Ray(direction: Double, distance: Double)","description":"de.chaffic.rays.Ray.Ray","location":"-k-physics/de.chaffic.rays/-ray/-ray.html","searchKeys":["Ray","fun Ray(direction: Double, distance: Double)","de.chaffic.rays.Ray.Ray"]},{"name":"fun Ray(direction: Vec2, distance: Double)","description":"de.chaffic.rays.Ray.Ray","location":"-k-physics/de.chaffic.rays/-ray/-ray.html","searchKeys":["Ray","fun Ray(direction: Vec2, distance: Double)","de.chaffic.rays.Ray.Ray"]},{"name":"fun Ray(startPoint: Vec2, direction: Double, distance: Double)","description":"de.chaffic.rays.Ray.Ray","location":"-k-physics/de.chaffic.rays/-ray/-ray.html","searchKeys":["Ray","fun Ray(startPoint: Vec2, direction: Double, distance: Double)","de.chaffic.rays.Ray.Ray"]},{"name":"fun Ray(startPoint: Vec2, direction: Vec2, distance: Double)","description":"de.chaffic.rays.Ray.Ray","location":"-k-physics/de.chaffic.rays/-ray/-ray.html","searchKeys":["Ray","fun Ray(startPoint: Vec2, direction: Vec2, distance: Double)","de.chaffic.rays.Ray.Ray"]},{"name":"fun RayAngleInformation(ray: Ray, angle: Double)","description":"de.chaffic.rays.RayAngleInformation.RayAngleInformation","location":"-k-physics/de.chaffic.rays/-ray-angle-information/-ray-angle-information.html","searchKeys":["RayAngleInformation","fun RayAngleInformation(ray: Ray, angle: Double)","de.chaffic.rays.RayAngleInformation.RayAngleInformation"]},{"name":"fun RayInformation(b: TranslatableBody, v: Vec2, index: Int)","description":"de.chaffic.rays.RayInformation.RayInformation","location":"-k-physics/de.chaffic.rays/-ray-information/-ray-information.html","searchKeys":["RayInformation","fun RayInformation(b: TranslatableBody, v: Vec2, index: Int)","de.chaffic.rays.RayInformation.RayInformation"]},{"name":"fun RayInformation(b: TranslatableBody, x: Double, y: Double, index: Int)","description":"de.chaffic.rays.RayInformation.RayInformation","location":"-k-physics/de.chaffic.rays/-ray-information/-ray-information.html","searchKeys":["RayInformation","fun RayInformation(b: TranslatableBody, x: Double, y: Double, index: Int)","de.chaffic.rays.RayInformation.RayInformation"]},{"name":"fun RayScatter(epicentre: Vec2, noOfRays: Int)","description":"de.chaffic.explosions.RayScatter.RayScatter","location":"-k-physics/de.chaffic.explosions/-ray-scatter/-ray-scatter.html","searchKeys":["RayScatter","fun RayScatter(epicentre: Vec2, noOfRays: Int)","de.chaffic.explosions.RayScatter.RayScatter"]},{"name":"fun RaycastExplosion(epicentre: Vec2, noOfRays: Int, distance: Double, worldBodies: ArrayList<TranslatableBody>)","description":"de.chaffic.explosions.RaycastExplosion.RaycastExplosion","location":"-k-physics/de.chaffic.explosions/-raycast-explosion/-raycast-explosion.html","searchKeys":["RaycastExplosion","fun RaycastExplosion(epicentre: Vec2, noOfRays: Int, distance: Double, worldBodies: ArrayList<TranslatableBody>)","de.chaffic.explosions.RaycastExplosion.RaycastExplosion"]},{"name":"fun ShadowCasting(startPoint: Vec2, distance: Double)","description":"de.chaffic.rays.ShadowCasting.ShadowCasting","location":"-k-physics/de.chaffic.rays/-shadow-casting/-shadow-casting.html","searchKeys":["ShadowCasting","fun ShadowCasting(startPoint: Vec2, distance: Double)","de.chaffic.rays.ShadowCasting.ShadowCasting"]},{"name":"fun Shape()","description":"de.chaffic.geometry.Shape.Shape","location":"-k-physics/de.chaffic.geometry/-shape/-shape.html","searchKeys":["Shape","fun Shape()","de.chaffic.geometry.Shape.Shape"]},{"name":"fun Slice(startPoint: Vec2, direction: Vec2, distance: Double)","description":"de.chaffic.rays.Slice.Slice","location":"-k-physics/de.chaffic.rays/-slice/-slice.html","searchKeys":["Slice","fun Slice(startPoint: Vec2, direction: Vec2, distance: Double)","de.chaffic.rays.Slice.Slice"]},{"name":"fun Vec2(direction: Double)","description":"de.chaffic.math.Vec2.Vec2","location":"-k-physics/de.chaffic.math/-vec2/-vec2.html","searchKeys":["Vec2","fun Vec2(direction: Double)","de.chaffic.math.Vec2.Vec2"]},{"name":"fun Vec2(vector: Vec2)","description":"de.chaffic.math.Vec2.Vec2","location":"-k-physics/de.chaffic.math/-vec2/-vec2.html","searchKeys":["Vec2","fun Vec2(vector: Vec2)","de.chaffic.math.Vec2.Vec2"]},{"name":"fun Vec2(x: Double = 0.0, y: Double = 0.0)","description":"de.chaffic.math.Vec2.Vec2","location":"-k-physics/de.chaffic.math/-vec2/-vec2.html","searchKeys":["Vec2","fun Vec2(x: Double = 0.0, y: Double = 0.0)","de.chaffic.math.Vec2.Vec2"]},{"name":"fun World(gravity: Vec2 = Vec2())","description":"de.chaffic.dynamics.World.World","location":"-k-physics/de.chaffic.dynamics/-world/-world.html","searchKeys":["World","fun World(gravity: Vec2 = Vec2())","de.chaffic.dynamics.World.World"]},{"name":"fun aabbOverlap(bodyA: CollisionBodyInterface, bodyB: CollisionBodyInterface): Boolean","description":"de.chaffic.collision.AxisAlignedBoundingBox.Companion.aabbOverlap","location":"-k-physics/de.chaffic.collision/-axis-aligned-bounding-box/-companion/aabb-overlap.html","searchKeys":["aabbOverlap","fun aabbOverlap(bodyA: CollisionBodyInterface, bodyB: CollisionBodyInterface): Boolean","de.chaffic.collision.AxisAlignedBoundingBox.Companion.aabbOverlap"]},{"name":"fun aabbOverlap(boxA: AxisAlignedBoundingBox, boxB: AxisAlignedBoundingBox): Boolean","description":"de.chaffic.collision.AxisAlignedBoundingBox.Companion.aabbOverlap","location":"-k-physics/de.chaffic.collision/-axis-aligned-bounding-box/-companion/aabb-overlap.html","searchKeys":["aabbOverlap","fun aabbOverlap(boxA: AxisAlignedBoundingBox, boxB: AxisAlignedBoundingBox): Boolean","de.chaffic.collision.AxisAlignedBoundingBox.Companion.aabbOverlap"]},{"name":"fun aabbOverlap(point: Vec2): Boolean","description":"de.chaffic.collision.AxisAlignedBoundingBox.aabbOverlap","location":"-k-physics/de.chaffic.collision/-axis-aligned-bounding-box/aabb-overlap.html","searchKeys":["aabbOverlap","fun aabbOverlap(point: Vec2): Boolean","de.chaffic.collision.AxisAlignedBoundingBox.aabbOverlap"]},{"name":"fun add(v: Vec2): Vec2","description":"de.chaffic.math.Vec2.add","location":"-k-physics/de.chaffic.math/-vec2/add.html","searchKeys":["add","fun add(v: Vec2): Vec2","de.chaffic.math.Vec2.add"]},{"name":"fun addJoint(j: Joint): Joint","description":"de.chaffic.dynamics.World.addJoint","location":"-k-physics/de.chaffic.dynamics/-world/add-joint.html","searchKeys":["addJoint","fun addJoint(j: Joint): Joint","de.chaffic.dynamics.World.addJoint"]},{"name":"fun addOffset(offset: Vec2)","description":"de.chaffic.collision.AxisAlignedBoundingBox.addOffset","location":"-k-physics/de.chaffic.collision/-axis-aligned-bounding-box/add-offset.html","searchKeys":["addOffset","fun addOffset(offset: Vec2)","de.chaffic.collision.AxisAlignedBoundingBox.addOffset"]},{"name":"fun applyBlastImpulse(blastPower: Double)","description":"de.chaffic.explosions.ParticleExplosion.applyBlastImpulse","location":"-k-physics/de.chaffic.explosions/-particle-explosion/apply-blast-impulse.html","searchKeys":["applyBlastImpulse","fun applyBlastImpulse(blastPower: Double)","de.chaffic.explosions.ParticleExplosion.applyBlastImpulse"]},{"name":"fun castRays(distance: Double)","description":"de.chaffic.explosions.RayScatter.castRays","location":"-k-physics/de.chaffic.explosions/-ray-scatter/cast-rays.html","searchKeys":["castRays","fun castRays(distance: Double)","de.chaffic.explosions.RayScatter.castRays"]},{"name":"fun clearWorld()","description":"de.chaffic.dynamics.World.clearWorld","location":"-k-physics/de.chaffic.dynamics/-world/clear-world.html","searchKeys":["clearWorld","fun clearWorld()","de.chaffic.dynamics.World.clearWorld"]},{"name":"fun copy(): AxisAlignedBoundingBox","description":"de.chaffic.collision.AxisAlignedBoundingBox.copy","location":"-k-physics/de.chaffic.collision/-axis-aligned-bounding-box/copy.html","searchKeys":["copy","fun copy(): AxisAlignedBoundingBox","de.chaffic.collision.AxisAlignedBoundingBox.copy"]},{"name":"fun copy(): Vec2","description":"de.chaffic.math.Vec2.copy","location":"-k-physics/de.chaffic.math/-vec2/copy.html","searchKeys":["copy","fun copy(): Vec2","de.chaffic.math.Vec2.copy"]},{"name":"fun copyNegative(): Vec2","description":"de.chaffic.math.Vec2.copyNegative","location":"-k-physics/de.chaffic.math/-vec2/copy-negative.html","searchKeys":["copyNegative","fun copyNegative(): Vec2","de.chaffic.math.Vec2.copyNegative"]},{"name":"fun createArray(n: Int): Array<Vec2?>","description":"de.chaffic.math.Vec2.Companion.createArray","location":"-k-physics/de.chaffic.math/-vec2/-companion/create-array.html","searchKeys":["createArray","fun createArray(n: Int): Array<Vec2?>","de.chaffic.math.Vec2.Companion.createArray"]},{"name":"fun createParticles(size: Double, density: Int, radius: Int, world: World)","description":"de.chaffic.explosions.ParticleExplosion.createParticles","location":"-k-physics/de.chaffic.explosions/-particle-explosion/create-particles.html","searchKeys":["createParticles","fun createParticles(size: Double, density: Int, radius: Int, world: World)","de.chaffic.explosions.ParticleExplosion.createParticles"]},{"name":"fun cross(a: Double): Vec2","description":"de.chaffic.math.Vec2.cross","location":"-k-physics/de.chaffic.math/-vec2/cross.html","searchKeys":["cross","fun cross(a: Double): Vec2","de.chaffic.math.Vec2.cross"]},{"name":"fun cross(a: Vec2, s: Double): Vec2","description":"de.chaffic.math.Vec2.Companion.cross","location":"-k-physics/de.chaffic.math/-vec2/-companion/cross.html","searchKeys":["cross","fun cross(a: Vec2, s: Double): Vec2","de.chaffic.math.Vec2.Companion.cross"]},{"name":"fun cross(s: Double, a: Vec2): Vec2","description":"de.chaffic.math.Vec2.Companion.cross","location":"-k-physics/de.chaffic.math/-vec2/-companion/cross.html","searchKeys":["cross","fun cross(s: Double, a: Vec2): Vec2","de.chaffic.math.Vec2.Companion.cross"]},{"name":"fun cross(v1: Vec2): Double","description":"de.chaffic.math.Vec2.cross","location":"-k-physics/de.chaffic.math/-vec2/cross.html","searchKeys":["cross","fun cross(v1: Vec2): Double","de.chaffic.math.Vec2.cross"]},{"name":"fun distance(v: Vec2): Double","description":"de.chaffic.math.Vec2.distance","location":"-k-physics/de.chaffic.math/-vec2/distance.html","searchKeys":["distance","fun distance(v: Vec2): Double","de.chaffic.math.Vec2.distance"]},{"name":"fun dot(v1: Vec2): Double","description":"de.chaffic.math.Vec2.dot","location":"-k-physics/de.chaffic.math/-vec2/dot.html","searchKeys":["dot","fun dot(v1: Vec2): Double","de.chaffic.math.Vec2.dot"]},{"name":"fun getEpicentre(): Vec2","description":"de.chaffic.explosions.ProximityExplosion.getEpicentre","location":"-k-physics/de.chaffic.explosions/-proximity-explosion/get-epicentre.html","searchKeys":["getEpicentre","fun getEpicentre(): Vec2","de.chaffic.explosions.ProximityExplosion.getEpicentre"]},{"name":"fun gravityBetweenObj()","description":"de.chaffic.dynamics.World.gravityBetweenObj","location":"-k-physics/de.chaffic.dynamics/-world/gravity-between-obj.html","searchKeys":["gravityBetweenObj","fun gravityBetweenObj()","de.chaffic.dynamics.World.gravityBetweenObj"]},{"name":"fun isPointInside(b: CollisionBodyInterface, startPoint: Vec2): Boolean","description":"de.chaffic.collision.Arbiter.Companion.isPointInside","location":"-k-physics/de.chaffic.collision/-arbiter/-companion/is-point-inside.html","searchKeys":["isPointInside","fun isPointInside(b: CollisionBodyInterface, startPoint: Vec2): Boolean","de.chaffic.collision.Arbiter.Companion.isPointInside"]},{"name":"fun length(): Double","description":"de.chaffic.math.Vec2.length","location":"-k-physics/de.chaffic.math/-vec2/length.html","searchKeys":["length","fun length(): Double","de.chaffic.math.Vec2.length"]},{"name":"fun lineIntersect(line1Start: Vec2, line1End: Vec2, line2Start: Vec2, line2End: Vec2): Vec2?","description":"de.chaffic.math.Math.lineIntersect","location":"-k-physics/de.chaffic.math/-math/line-intersect.html","searchKeys":["lineIntersect","fun lineIntersect(line1Start: Vec2, line1End: Vec2, line2Start: Vec2, line2End: Vec2): Vec2?","de.chaffic.math.Math.lineIntersect"]},{"name":"fun mul(v: Vec2?): Vec2","description":"de.chaffic.math.Mat2.mul","location":"-k-physics/de.chaffic.math/-mat2/mul.html","searchKeys":["mul","fun mul(v: Vec2?): Vec2","de.chaffic.math.Mat2.mul"]},{"name":"fun mul(v: Vec2?, out: Vec2): Vec2","description":"de.chaffic.math.Mat2.mul","location":"-k-physics/de.chaffic.math/-mat2/mul.html","searchKeys":["mul","fun mul(v: Vec2?, out: Vec2): Vec2","de.chaffic.math.Mat2.mul"]},{"name":"fun narrowPhase()","description":"de.chaffic.collision.Arbiter.narrowPhase","location":"-k-physics/de.chaffic.collision/-arbiter/narrow-phase.html","searchKeys":["narrowPhase","fun narrowPhase()","de.chaffic.collision.Arbiter.narrowPhase"]},{"name":"fun normal(): Vec2","description":"de.chaffic.math.Vec2.normal","location":"-k-physics/de.chaffic.math/-vec2/normal.html","searchKeys":["normal","fun normal(): Vec2","de.chaffic.math.Vec2.normal"]},{"name":"fun normalize(): Vec2","description":"de.chaffic.math.Vec2.normalize","location":"-k-physics/de.chaffic.math/-vec2/normalize.html","searchKeys":["normalize","fun normalize(): Vec2","de.chaffic.math.Vec2.normalize"]},{"name":"fun penetrationResolution()","description":"de.chaffic.collision.Arbiter.penetrationResolution","location":"-k-physics/de.chaffic.collision/-arbiter/penetration-resolution.html","searchKeys":["penetrationResolution","fun penetrationResolution()","de.chaffic.collision.Arbiter.penetrationResolution"]},{"name":"fun pointIsOnLine(lineStart: Vec2, lineEnd: Vec2, point: Vec2): Boolean","description":"de.chaffic.math.Math.pointIsOnLine","location":"-k-physics/de.chaffic.math/-math/point-is-on-line.html","searchKeys":["pointIsOnLine","fun pointIsOnLine(lineStart: Vec2, lineEnd: Vec2, point: Vec2): Boolean","de.chaffic.math.Math.pointIsOnLine"]},{"name":"fun removeBody(b: TranslatableBody)","description":"de.chaffic.dynamics.World.removeBody","location":"-k-physics/de.chaffic.dynamics/-world/remove-body.html","searchKeys":["removeBody","fun removeBody(b: TranslatableBody)","de.chaffic.dynamics.World.removeBody"]},{"name":"fun removeJoint(j: Joint)","description":"de.chaffic.dynamics.World.removeJoint","location":"-k-physics/de.chaffic.dynamics/-world/remove-joint.html","searchKeys":["removeJoint","fun removeJoint(j: Joint)","de.chaffic.dynamics.World.removeJoint"]},{"name":"fun scalar(a: Double): Vec2","description":"de.chaffic.math.Vec2.scalar","location":"-k-physics/de.chaffic.math/-vec2/scalar.html","searchKeys":["scalar","fun scalar(a: Double): Vec2","de.chaffic.math.Vec2.scalar"]},{"name":"fun set(aabb: AxisAlignedBoundingBox)","description":"de.chaffic.collision.AxisAlignedBoundingBox.set","location":"-k-physics/de.chaffic.collision/-axis-aligned-bounding-box/set.html","searchKeys":["set","fun set(aabb: AxisAlignedBoundingBox)","de.chaffic.collision.AxisAlignedBoundingBox.set"]},{"name":"fun set(m: Mat2)","description":"de.chaffic.math.Mat2.set","location":"-k-physics/de.chaffic.math/-mat2/set.html","searchKeys":["set","fun set(m: Mat2)","de.chaffic.math.Mat2.set"]},{"name":"fun set(radians: Double)","description":"de.chaffic.math.Mat2.set","location":"-k-physics/de.chaffic.math/-mat2/set.html","searchKeys":["set","fun set(radians: Double)","de.chaffic.math.Mat2.set"]},{"name":"fun set(v1: Vec2): Vec2","description":"de.chaffic.math.Vec2.set","location":"-k-physics/de.chaffic.math/-vec2/set.html","searchKeys":["set","fun set(v1: Vec2): Vec2","de.chaffic.math.Vec2.set"]},{"name":"fun sliceObjects(world: World)","description":"de.chaffic.rays.Slice.sliceObjects","location":"-k-physics/de.chaffic.rays/-slice/slice-objects.html","searchKeys":["sliceObjects","fun sliceObjects(world: World)","de.chaffic.rays.Slice.sliceObjects"]},{"name":"fun solve()","description":"de.chaffic.collision.Arbiter.solve","location":"-k-physics/de.chaffic.collision/-arbiter/solve.html","searchKeys":["solve","fun solve()","de.chaffic.collision.Arbiter.solve"]},{"name":"fun step(dt: Double)","description":"de.chaffic.dynamics.World.step","location":"-k-physics/de.chaffic.dynamics/-world/step.html","searchKeys":["step","fun step(dt: Double)","de.chaffic.dynamics.World.step"]},{"name":"fun transpose(): Mat2","description":"de.chaffic.math.Mat2.transpose","location":"-k-physics/de.chaffic.math/-mat2/transpose.html","searchKeys":["transpose","fun transpose(): Mat2","de.chaffic.math.Mat2.transpose"]},{"name":"fun updateLinesToBody()","description":"de.chaffic.explosions.ProximityExplosion.updateLinesToBody","location":"-k-physics/de.chaffic.explosions/-proximity-explosion/update-lines-to-body.html","searchKeys":["updateLinesToBody","fun updateLinesToBody()","de.chaffic.explosions.ProximityExplosion.updateLinesToBody"]},{"name":"fun updateProjection(bodiesToEvaluate: ArrayList<TranslatableBody>)","description":"de.chaffic.rays.Ray.updateProjection","location":"-k-physics/de.chaffic.rays/-ray/update-projection.html","searchKeys":["updateProjection","fun updateProjection(bodiesToEvaluate: ArrayList<TranslatableBody>)","de.chaffic.rays.Ray.updateProjection"]},{"name":"fun updateProjection(bodiesToEvaluate: ArrayList<TranslatableBody>)","description":"de.chaffic.rays.Slice.updateProjection","location":"-k-physics/de.chaffic.rays/-slice/update-projection.html","searchKeys":["updateProjection","fun updateProjection(bodiesToEvaluate: ArrayList<TranslatableBody>)","de.chaffic.rays.Slice.updateProjection"]},{"name":"fun updateProjections(bodiesToEvaluate: ArrayList<TranslatableBody>)","description":"de.chaffic.rays.ShadowCasting.updateProjections","location":"-k-physics/de.chaffic.rays/-shadow-casting/update-projections.html","searchKeys":["updateProjections","fun updateProjections(bodiesToEvaluate: ArrayList<TranslatableBody>)","de.chaffic.rays.ShadowCasting.updateProjections"]},{"name":"fun updateRays(worldBodies: ArrayList<TranslatableBody>)","description":"de.chaffic.explosions.RayScatter.updateRays","location":"-k-physics/de.chaffic.explosions/-ray-scatter/update-rays.html","searchKeys":["updateRays","fun updateRays(worldBodies: ArrayList<TranslatableBody>)","de.chaffic.explosions.RayScatter.updateRays"]},{"name":"interface CollisionBodyInterface : TranslatableBody","description":"de.chaffic.collision.bodies.CollisionBodyInterface","location":"-k-physics/de.chaffic.collision.bodies/-collision-body-interface/index.html","searchKeys":["CollisionBodyInterface","interface CollisionBodyInterface : TranslatableBody","de.chaffic.collision.bodies.CollisionBodyInterface"]},{"name":"interface Explosion","description":"de.chaffic.explosions.Explosion","location":"-k-physics/de.chaffic.explosions/-explosion/index.html","searchKeys":["Explosion","interface Explosion","de.chaffic.explosions.Explosion"]},{"name":"interface PhysicalBodyInterface : TranslatableBody","description":"de.chaffic.dynamics.bodies.PhysicalBodyInterface","location":"-k-physics/de.chaffic.dynamics.bodies/-physical-body-interface/index.html","searchKeys":["PhysicalBodyInterface","interface PhysicalBodyInterface : TranslatableBody","de.chaffic.dynamics.bodies.PhysicalBodyInterface"]},{"name":"interface TranslatableBody","description":"de.chaffic.geometry.bodies.TranslatableBody","location":"-k-physics/de.chaffic.geometry.bodies/-translatable-body/index.html","searchKeys":["TranslatableBody","interface TranslatableBody","de.chaffic.geometry.bodies.TranslatableBody"]},{"name":"lateinit var body: CollisionBodyInterface","description":"de.chaffic.geometry.Shape.body","location":"-k-physics/de.chaffic.geometry/-shape/body.html","searchKeys":["body","lateinit var body: CollisionBodyInterface","de.chaffic.geometry.Shape.body"]},{"name":"lateinit var normals: Array<Vec2>","description":"de.chaffic.geometry.Polygon.normals","location":"-k-physics/de.chaffic.geometry/-polygon/normals.html","searchKeys":["normals","lateinit var normals: Array<Vec2>","de.chaffic.geometry.Polygon.normals"]},{"name":"object Companion","description":"de.chaffic.collision.Arbiter.Companion","location":"-k-physics/de.chaffic.collision/-arbiter/-companion/index.html","searchKeys":["Companion","object Companion","de.chaffic.collision.Arbiter.Companion"]},{"name":"object Companion","description":"de.chaffic.collision.AxisAlignedBoundingBox.Companion","location":"-k-physics/de.chaffic.collision/-axis-aligned-bounding-box/-companion/index.html","searchKeys":["Companion","object Companion","de.chaffic.collision.AxisAlignedBoundingBox.Companion"]},{"name":"object Companion","description":"de.chaffic.math.Vec2.Companion","location":"-k-physics/de.chaffic.math/-vec2/-companion/index.html","searchKeys":["Companion","object Companion","de.chaffic.math.Vec2.Companion"]},{"name":"object Math","description":"de.chaffic.math.Math","location":"-k-physics/de.chaffic.math/-math/index.html","searchKeys":["Math","object Math","de.chaffic.math.Math"]},{"name":"object Physics","description":"de.chaffic.dynamics.Physics","location":"-k-physics/de.chaffic.dynamics/-physics/index.html","searchKeys":["Physics","object Physics","de.chaffic.dynamics.Physics"]},{"name":"open lateinit override var aabb: AxisAlignedBoundingBox","description":"de.chaffic.collision.bodies.CollisionBody.aabb","location":"-k-physics/de.chaffic.collision.bodies/-collision-body/aabb.html","searchKeys":["aabb","open lateinit override var aabb: AxisAlignedBoundingBox","de.chaffic.collision.bodies.CollisionBody.aabb"]},{"name":"open lateinit override var aabb: AxisAlignedBoundingBox","description":"de.chaffic.dynamics.Body.aabb","location":"-k-physics/de.chaffic.dynamics/-body/aabb.html","searchKeys":["aabb","open lateinit override var aabb: AxisAlignedBoundingBox","de.chaffic.dynamics.Body.aabb"]},{"name":"open operator override fun equals(other: Any?): Boolean","description":"de.chaffic.math.Vec2.equals","location":"-k-physics/de.chaffic.math/-vec2/equals.html","searchKeys":["equals","open operator override fun equals(other: Any?): Boolean","de.chaffic.math.Vec2.equals"]},{"name":"open override fun applyBlastImpulse(blastPower: Double)","description":"de.chaffic.explosions.ProximityExplosion.applyBlastImpulse","location":"-k-physics/de.chaffic.explosions/-proximity-explosion/apply-blast-impulse.html","searchKeys":["applyBlastImpulse","open override fun applyBlastImpulse(blastPower: Double)","de.chaffic.explosions.ProximityExplosion.applyBlastImpulse"]},{"name":"open override fun applyBlastImpulse(blastPower: Double)","description":"de.chaffic.explosions.RaycastExplosion.applyBlastImpulse","location":"-k-physics/de.chaffic.explosions/-raycast-explosion/apply-blast-impulse.html","searchKeys":["applyBlastImpulse","open override fun applyBlastImpulse(blastPower: Double)","de.chaffic.explosions.RaycastExplosion.applyBlastImpulse"]},{"name":"open override fun applyForce(force: Vec2)","description":"de.chaffic.dynamics.bodies.AbstractPhysicalBody.applyForce","location":"-k-physics/de.chaffic.dynamics.bodies/-abstract-physical-body/apply-force.html","searchKeys":["applyForce","open override fun applyForce(force: Vec2)","de.chaffic.dynamics.bodies.AbstractPhysicalBody.applyForce"]},{"name":"open override fun applyForce(force: Vec2, contactPoint: Vec2)","description":"de.chaffic.dynamics.bodies.AbstractPhysicalBody.applyForce","location":"-k-physics/de.chaffic.dynamics.bodies/-abstract-physical-body/apply-force.html","searchKeys":["applyForce","open override fun applyForce(force: Vec2, contactPoint: Vec2)","de.chaffic.dynamics.bodies.AbstractPhysicalBody.applyForce"]},{"name":"open override fun applyLinearImpulse(impulse: Vec2)","description":"de.chaffic.dynamics.bodies.AbstractPhysicalBody.applyLinearImpulse","location":"-k-physics/de.chaffic.dynamics.bodies/-abstract-physical-body/apply-linear-impulse.html","searchKeys":["applyLinearImpulse","open override fun applyLinearImpulse(impulse: Vec2)","de.chaffic.dynamics.bodies.AbstractPhysicalBody.applyLinearImpulse"]},{"name":"open override fun applyLinearImpulse(impulse: Vec2, contactPoint: Vec2)","description":"de.chaffic.dynamics.bodies.AbstractPhysicalBody.applyLinearImpulse","location":"-k-physics/de.chaffic.dynamics.bodies/-abstract-physical-body/apply-linear-impulse.html","searchKeys":["applyLinearImpulse","open override fun applyLinearImpulse(impulse: Vec2, contactPoint: Vec2)","de.chaffic.dynamics.bodies.AbstractPhysicalBody.applyLinearImpulse"]},{"name":"open override fun applyTension()","description":"de.chaffic.joints.JointToBody.applyTension","location":"-k-physics/de.chaffic.joints/-joint-to-body/apply-tension.html","searchKeys":["applyTension","open override fun applyTension()","de.chaffic.joints.JointToBody.applyTension"]},{"name":"open override fun applyTension()","description":"de.chaffic.joints.JointToPoint.applyTension","location":"-k-physics/de.chaffic.joints/-joint-to-point/apply-tension.html","searchKeys":["applyTension","open override fun applyTension()","de.chaffic.joints.JointToPoint.applyTension"]},{"name":"open override fun calcMass(density: Double)","description":"de.chaffic.geometry.Circle.calcMass","location":"-k-physics/de.chaffic.geometry/-circle/calc-mass.html","searchKeys":["calcMass","open override fun calcMass(density: Double)","de.chaffic.geometry.Circle.calcMass"]},{"name":"open override fun calcMass(density: Double)","description":"de.chaffic.geometry.Polygon.calcMass","location":"-k-physics/de.chaffic.geometry/-polygon/calc-mass.html","searchKeys":["calcMass","open override fun calcMass(density: Double)","de.chaffic.geometry.Polygon.calcMass"]},{"name":"open override fun calculateTension(): Double","description":"de.chaffic.joints.JointToBody.calculateTension","location":"-k-physics/de.chaffic.joints/-joint-to-body/calculate-tension.html","searchKeys":["calculateTension","open override fun calculateTension(): Double","de.chaffic.joints.JointToBody.calculateTension"]},{"name":"open override fun calculateTension(): Double","description":"de.chaffic.joints.JointToPoint.calculateTension","location":"-k-physics/de.chaffic.joints/-joint-to-point/calculate-tension.html","searchKeys":["calculateTension","open override fun calculateTension(): Double","de.chaffic.joints.JointToPoint.calculateTension"]},{"name":"open override fun createAABB()","description":"de.chaffic.geometry.Circle.createAABB","location":"-k-physics/de.chaffic.geometry/-circle/create-a-a-b-b.html","searchKeys":["createAABB","open override fun createAABB()","de.chaffic.geometry.Circle.createAABB"]},{"name":"open override fun createAABB()","description":"de.chaffic.geometry.Polygon.createAABB","location":"-k-physics/de.chaffic.geometry/-polygon/create-a-a-b-b.html","searchKeys":["createAABB","open override fun createAABB()","de.chaffic.geometry.Polygon.createAABB"]},{"name":"open override fun isPointInside(startPoint: Vec2): Boolean","description":"de.chaffic.geometry.Circle.isPointInside","location":"-k-physics/de.chaffic.geometry/-circle/is-point-inside.html","searchKeys":["isPointInside","open override fun isPointInside(startPoint: Vec2): Boolean","de.chaffic.geometry.Circle.isPointInside"]},{"name":"open override fun isPointInside(startPoint: Vec2): Boolean","description":"de.chaffic.geometry.Polygon.isPointInside","location":"-k-physics/de.chaffic.geometry/-polygon/is-point-inside.html","searchKeys":["isPointInside","open override fun isPointInside(startPoint: Vec2): Boolean","de.chaffic.geometry.Polygon.isPointInside"]},{"name":"open override fun rateOfChangeOfExtension(): Double","description":"de.chaffic.joints.JointToBody.rateOfChangeOfExtension","location":"-k-physics/de.chaffic.joints/-joint-to-body/rate-of-change-of-extension.html","searchKeys":["rateOfChangeOfExtension","open override fun rateOfChangeOfExtension(): Double","de.chaffic.joints.JointToBody.rateOfChangeOfExtension"]},{"name":"open override fun rateOfChangeOfExtension(): Double","description":"de.chaffic.joints.JointToPoint.rateOfChangeOfExtension","location":"-k-physics/de.chaffic.joints/-joint-to-point/rate-of-change-of-extension.html","searchKeys":["rateOfChangeOfExtension","open override fun rateOfChangeOfExtension(): Double","de.chaffic.joints.JointToPoint.rateOfChangeOfExtension"]},{"name":"open override fun rayIntersect(startPoint: Vec2, endPoint: Vec2, maxDistance: Double, rayLength: Double): Shape.IntersectionReturnElement","description":"de.chaffic.geometry.Circle.rayIntersect","location":"-k-physics/de.chaffic.geometry/-circle/ray-intersect.html","searchKeys":["rayIntersect","open override fun rayIntersect(startPoint: Vec2, endPoint: Vec2, maxDistance: Double, rayLength: Double): Shape.IntersectionReturnElement","de.chaffic.geometry.Circle.rayIntersect"]},{"name":"open override fun rayIntersect(startPoint: Vec2, endPoint: Vec2, maxDistance: Double, rayLength: Double): Shape.IntersectionReturnElement","description":"de.chaffic.geometry.Polygon.rayIntersect","location":"-k-physics/de.chaffic.geometry/-polygon/ray-intersect.html","searchKeys":["rayIntersect","open override fun rayIntersect(startPoint: Vec2, endPoint: Vec2, maxDistance: Double, rayLength: Double): Shape.IntersectionReturnElement","de.chaffic.geometry.Polygon.rayIntersect"]},{"name":"open override fun setEpicentre(v: Vec2)","description":"de.chaffic.explosions.ProximityExplosion.setEpicentre","location":"-k-physics/de.chaffic.explosions/-proximity-explosion/set-epicentre.html","searchKeys":["setEpicentre","open override fun setEpicentre(v: Vec2)","de.chaffic.explosions.ProximityExplosion.setEpicentre"]},{"name":"open override fun setEpicentre(v: Vec2)","description":"de.chaffic.explosions.RaycastExplosion.setEpicentre","location":"-k-physics/de.chaffic.explosions/-raycast-explosion/set-epicentre.html","searchKeys":["setEpicentre","open override fun setEpicentre(v: Vec2)","de.chaffic.explosions.RaycastExplosion.setEpicentre"]},{"name":"open override fun setStatic()","description":"de.chaffic.dynamics.bodies.AbstractPhysicalBody.setStatic","location":"-k-physics/de.chaffic.dynamics.bodies/-abstract-physical-body/set-static.html","searchKeys":["setStatic","open override fun setStatic()","de.chaffic.dynamics.bodies.AbstractPhysicalBody.setStatic"]},{"name":"open override fun toString(): String","description":"de.chaffic.collision.AxisAlignedBoundingBox.toString","location":"-k-physics/de.chaffic.collision/-axis-aligned-bounding-box/to-string.html","searchKeys":["toString","open override fun toString(): String","de.chaffic.collision.AxisAlignedBoundingBox.toString"]},{"name":"open override fun toString(): String","description":"de.chaffic.math.Mat2.toString","location":"-k-physics/de.chaffic.math/-mat2/to-string.html","searchKeys":["toString","open override fun toString(): String","de.chaffic.math.Mat2.toString"]},{"name":"open override fun toString(): String","description":"de.chaffic.math.Vec2.toString","location":"-k-physics/de.chaffic.math/-vec2/to-string.html","searchKeys":["toString","open override fun toString(): String","de.chaffic.math.Vec2.toString"]},{"name":"open override fun update(bodiesToEvaluate: ArrayList<TranslatableBody>)","description":"de.chaffic.explosions.ProximityExplosion.update","location":"-k-physics/de.chaffic.explosions/-proximity-explosion/update.html","searchKeys":["update","open override fun update(bodiesToEvaluate: ArrayList<TranslatableBody>)","de.chaffic.explosions.ProximityExplosion.update"]},{"name":"open override fun update(bodiesToEvaluate: ArrayList<TranslatableBody>)","description":"de.chaffic.explosions.RaycastExplosion.update","location":"-k-physics/de.chaffic.explosions/-raycast-explosion/update.html","searchKeys":["update","open override fun update(bodiesToEvaluate: ArrayList<TranslatableBody>)","de.chaffic.explosions.RaycastExplosion.update"]},{"name":"open override var affectedByGravity: Boolean = true","description":"de.chaffic.dynamics.bodies.AbstractPhysicalBody.affectedByGravity","location":"-k-physics/de.chaffic.dynamics.bodies/-abstract-physical-body/affected-by-gravity.html","searchKeys":["affectedByGravity","open override var affectedByGravity: Boolean = true","de.chaffic.dynamics.bodies.AbstractPhysicalBody.affectedByGravity"]},{"name":"open override var angularDampening: Double = 0.0","description":"de.chaffic.dynamics.bodies.AbstractPhysicalBody.angularDampening","location":"-k-physics/de.chaffic.dynamics.bodies/-abstract-physical-body/angular-dampening.html","searchKeys":["angularDampening","open override var angularDampening: Double = 0.0","de.chaffic.dynamics.bodies.AbstractPhysicalBody.angularDampening"]},{"name":"open override var angularVelocity: Double = 0.0","description":"de.chaffic.dynamics.bodies.AbstractPhysicalBody.angularVelocity","location":"-k-physics/de.chaffic.dynamics.bodies/-abstract-physical-body/angular-velocity.html","searchKeys":["angularVelocity","open override var angularVelocity: Double = 0.0","de.chaffic.dynamics.bodies.AbstractPhysicalBody.angularVelocity"]},{"name":"open override var density: Double = 1.0","description":"de.chaffic.dynamics.bodies.AbstractPhysicalBody.density","location":"-k-physics/de.chaffic.dynamics.bodies/-abstract-physical-body/density.html","searchKeys":["density","open override var density: Double = 1.0","de.chaffic.dynamics.bodies.AbstractPhysicalBody.density"]},{"name":"open override var dynamicFriction: Double = 0.2","description":"de.chaffic.dynamics.Body.dynamicFriction","location":"-k-physics/de.chaffic.dynamics/-body/dynamic-friction.html","searchKeys":["dynamicFriction","open override var dynamicFriction: Double = 0.2","de.chaffic.dynamics.Body.dynamicFriction"]},{"name":"open override var dynamicFriction: Double = 0.5","description":"de.chaffic.collision.bodies.CollisionBody.dynamicFriction","location":"-k-physics/de.chaffic.collision.bodies/-collision-body/dynamic-friction.html","searchKeys":["dynamicFriction","open override var dynamicFriction: Double = 0.5","de.chaffic.collision.bodies.CollisionBody.dynamicFriction"]},{"name":"open override var force: Vec2","description":"de.chaffic.dynamics.bodies.AbstractPhysicalBody.force","location":"-k-physics/de.chaffic.dynamics.bodies/-abstract-physical-body/force.html","searchKeys":["force","open override var force: Vec2","de.chaffic.dynamics.bodies.AbstractPhysicalBody.force"]},{"name":"open override var inertia: Double = 0.0","description":"de.chaffic.dynamics.bodies.AbstractPhysicalBody.inertia","location":"-k-physics/de.chaffic.dynamics.bodies/-abstract-physical-body/inertia.html","searchKeys":["inertia","open override var inertia: Double = 0.0","de.chaffic.dynamics.bodies.AbstractPhysicalBody.inertia"]},{"name":"open override var invInertia: Double = 0.0","description":"de.chaffic.dynamics.bodies.AbstractPhysicalBody.invInertia","location":"-k-physics/de.chaffic.dynamics.bodies/-abstract-physical-body/inv-inertia.html","searchKeys":["invInertia","open override var invInertia: Double = 0.0","de.chaffic.dynamics.bodies.AbstractPhysicalBody.invInertia"]},{"name":"open override var invMass: Double = 0.0","description":"de.chaffic.dynamics.bodies.AbstractPhysicalBody.invMass","location":"-k-physics/de.chaffic.dynamics.bodies/-abstract-physical-body/inv-mass.html","searchKeys":["invMass","open override var invMass: Double = 0.0","de.chaffic.dynamics.bodies.AbstractPhysicalBody.invMass"]},{"name":"open override var linearDampening: Double = 0.0","description":"de.chaffic.dynamics.bodies.AbstractPhysicalBody.linearDampening","location":"-k-physics/de.chaffic.dynamics.bodies/-abstract-physical-body/linear-dampening.html","searchKeys":["linearDampening","open override var linearDampening: Double = 0.0","de.chaffic.dynamics.bodies.AbstractPhysicalBody.linearDampening"]},{"name":"open override var mass: Double = 0.0","description":"de.chaffic.dynamics.bodies.AbstractPhysicalBody.mass","location":"-k-physics/de.chaffic.dynamics.bodies/-abstract-physical-body/mass.html","searchKeys":["mass","open override var mass: Double = 0.0","de.chaffic.dynamics.bodies.AbstractPhysicalBody.mass"]},{"name":"open override var orientation: Double = 0.0","description":"de.chaffic.collision.bodies.CollisionBody.orientation","location":"-k-physics/de.chaffic.collision.bodies/-collision-body/orientation.html","searchKeys":["orientation","open override var orientation: Double = 0.0","de.chaffic.collision.bodies.CollisionBody.orientation"]},{"name":"open override var orientation: Double = 0.0","description":"de.chaffic.dynamics.Body.orientation","location":"-k-physics/de.chaffic.dynamics/-body/orientation.html","searchKeys":["orientation","open override var orientation: Double = 0.0","de.chaffic.dynamics.Body.orientation"]},{"name":"open override var particle: Boolean = false","description":"de.chaffic.dynamics.bodies.AbstractPhysicalBody.particle","location":"-k-physics/de.chaffic.dynamics.bodies/-abstract-physical-body/particle.html","searchKeys":["particle","open override var particle: Boolean = false","de.chaffic.dynamics.bodies.AbstractPhysicalBody.particle"]},{"name":"open override var position: Vec2","description":"de.chaffic.collision.bodies.CollisionBody.position","location":"-k-physics/de.chaffic.collision.bodies/-collision-body/position.html","searchKeys":["position","open override var position: Vec2","de.chaffic.collision.bodies.CollisionBody.position"]},{"name":"open override var position: Vec2","description":"de.chaffic.dynamics.Body.position","location":"-k-physics/de.chaffic.dynamics/-body/position.html","searchKeys":["position","open override var position: Vec2","de.chaffic.dynamics.Body.position"]},{"name":"open override var position: Vec2","description":"de.chaffic.dynamics.bodies.PhysicalBody.position","location":"-k-physics/de.chaffic.dynamics.bodies/-physical-body/position.html","searchKeys":["position","open override var position: Vec2","de.chaffic.dynamics.bodies.PhysicalBody.position"]},{"name":"open override var restitution: Double = 0.8","description":"de.chaffic.dynamics.bodies.AbstractPhysicalBody.restitution","location":"-k-physics/de.chaffic.dynamics.bodies/-abstract-physical-body/restitution.html","searchKeys":["restitution","open override var restitution: Double = 0.8","de.chaffic.dynamics.bodies.AbstractPhysicalBody.restitution"]},{"name":"open override var shape: Shape","description":"de.chaffic.collision.bodies.CollisionBody.shape","location":"-k-physics/de.chaffic.collision.bodies/-collision-body/shape.html","searchKeys":["shape","open override var shape: Shape","de.chaffic.collision.bodies.CollisionBody.shape"]},{"name":"open override var shape: Shape","description":"de.chaffic.dynamics.Body.shape","location":"-k-physics/de.chaffic.dynamics/-body/shape.html","searchKeys":["shape","open override var shape: Shape","de.chaffic.dynamics.Body.shape"]},{"name":"open override var staticFriction: Double = 0.2","description":"de.chaffic.collision.bodies.CollisionBody.staticFriction","location":"-k-physics/de.chaffic.collision.bodies/-collision-body/static-friction.html","searchKeys":["staticFriction","open override var staticFriction: Double = 0.2","de.chaffic.collision.bodies.CollisionBody.staticFriction"]},{"name":"open override var staticFriction: Double = 0.5","description":"de.chaffic.dynamics.Body.staticFriction","location":"-k-physics/de.chaffic.dynamics/-body/static-friction.html","searchKeys":["staticFriction","open override var staticFriction: Double = 0.5","de.chaffic.dynamics.Body.staticFriction"]},{"name":"open override var torque: Double = 0.0","description":"de.chaffic.dynamics.bodies.AbstractPhysicalBody.torque","location":"-k-physics/de.chaffic.dynamics.bodies/-abstract-physical-body/torque.html","searchKeys":["torque","open override var torque: Double = 0.0","de.chaffic.dynamics.bodies.AbstractPhysicalBody.torque"]},{"name":"open override var velocity: Vec2","description":"de.chaffic.dynamics.bodies.AbstractPhysicalBody.velocity","location":"-k-physics/de.chaffic.dynamics.bodies/-abstract-physical-body/velocity.html","searchKeys":["velocity","open override var velocity: Vec2","de.chaffic.dynamics.bodies.AbstractPhysicalBody.velocity"]},{"name":"operator fun minus(v1: Vec2): Vec2","description":"de.chaffic.math.Vec2.minus","location":"-k-physics/de.chaffic.math/-vec2/minus.html","searchKeys":["minus","operator fun minus(v1: Vec2): Vec2","de.chaffic.math.Vec2.minus"]},{"name":"operator fun plus(v: Vec2): Vec2","description":"de.chaffic.math.Vec2.plus","location":"-k-physics/de.chaffic.math/-vec2/plus.html","searchKeys":["plus","operator fun plus(v: Vec2): Vec2","de.chaffic.math.Vec2.plus"]},{"name":"operator fun set(x: Double, y: Double): Vec2","description":"de.chaffic.math.Vec2.set","location":"-k-physics/de.chaffic.math/-vec2/set.html","searchKeys":["set","operator fun set(x: Double, y: Double): Vec2","de.chaffic.math.Vec2.set"]},{"name":"operator fun unaryMinus(): Vec2","description":"de.chaffic.math.Vec2.unaryMinus","location":"-k-physics/de.chaffic.math/-vec2/unary-minus.html","searchKeys":["unaryMinus","operator fun unaryMinus(): Vec2","de.chaffic.math.Vec2.unaryMinus"]},{"name":"val DOWN: Vec2","description":"de.chaffic.math.Vec2.Companion.DOWN","location":"-k-physics/de.chaffic.math/-vec2/-companion/-d-o-w-n.html","searchKeys":["DOWN","val DOWN: Vec2","de.chaffic.math.Vec2.Companion.DOWN"]},{"name":"val LEFT: Vec2","description":"de.chaffic.math.Vec2.Companion.LEFT","location":"-k-physics/de.chaffic.math/-vec2/-companion/-l-e-f-t.html","searchKeys":["LEFT","val LEFT: Vec2","de.chaffic.math.Vec2.Companion.LEFT"]},{"name":"val RIGHT: Vec2","description":"de.chaffic.math.Vec2.Companion.RIGHT","location":"-k-physics/de.chaffic.math/-vec2/-companion/-r-i-g-h-t.html","searchKeys":["RIGHT","val RIGHT: Vec2","de.chaffic.math.Vec2.Companion.RIGHT"]},{"name":"val UP: Vec2","description":"de.chaffic.math.Vec2.Companion.UP","location":"-k-physics/de.chaffic.math/-vec2/-companion/-u-p.html","searchKeys":["UP","val UP: Vec2","de.chaffic.math.Vec2.Companion.UP"]},{"name":"val ZERO: Vec2","description":"de.chaffic.math.Vec2.Companion.ZERO","location":"-k-physics/de.chaffic.math/-vec2/-companion/-z-e-r-o.html","searchKeys":["ZERO","val ZERO: Vec2","de.chaffic.math.Vec2.Companion.ZERO"]},{"name":"val a: TranslatableBody","description":"de.chaffic.collision.Arbiter.a","location":"-k-physics/de.chaffic.collision/-arbiter/a.html","searchKeys":["a","val a: TranslatableBody","de.chaffic.collision.Arbiter.a"]},{"name":"val angle: Double","description":"de.chaffic.rays.RayAngleInformation.angle","location":"-k-physics/de.chaffic.rays/-ray-angle-information/angle.html","searchKeys":["angle","val angle: Double","de.chaffic.rays.RayAngleInformation.angle"]},{"name":"val b: TranslatableBody","description":"de.chaffic.collision.Arbiter.b","location":"-k-physics/de.chaffic.collision/-arbiter/b.html","searchKeys":["b","val b: TranslatableBody","de.chaffic.collision.Arbiter.b"]},{"name":"val b: TranslatableBody","description":"de.chaffic.rays.RayInformation.b","location":"-k-physics/de.chaffic.rays/-ray-information/b.html","searchKeys":["b","val b: TranslatableBody","de.chaffic.rays.RayInformation.b"]},{"name":"val closestBody: TranslatableBody?","description":"de.chaffic.geometry.Shape.IntersectionReturnElement.closestBody","location":"-k-physics/de.chaffic.geometry/-shape/-intersection-return-element/closest-body.html","searchKeys":["closestBody","val closestBody: TranslatableBody?","de.chaffic.geometry.Shape.IntersectionReturnElement.closestBody"]},{"name":"val contacts: Array<Vec2>","description":"de.chaffic.collision.Arbiter.contacts","location":"-k-physics/de.chaffic.collision/-arbiter/contacts.html","searchKeys":["contacts","val contacts: Array<Vec2>","de.chaffic.collision.Arbiter.contacts"]},{"name":"val coordinates: Vec2","description":"de.chaffic.rays.RayInformation.coordinates","location":"-k-physics/de.chaffic.rays/-ray-information/coordinates.html","searchKeys":["coordinates","val coordinates: Vec2","de.chaffic.rays.RayInformation.coordinates"]},{"name":"val distance: Double","description":"de.chaffic.rays.Ray.distance","location":"-k-physics/de.chaffic.rays/-ray/distance.html","searchKeys":["distance","val distance: Double","de.chaffic.rays.Ray.distance"]},{"name":"val index: Int","description":"de.chaffic.rays.RayInformation.index","location":"-k-physics/de.chaffic.rays/-ray-information/--index--.html","searchKeys":["index","val index: Int","de.chaffic.rays.RayInformation.index"]},{"name":"val intersectingBodiesInfo: ArrayList<RayInformation>","description":"de.chaffic.rays.Slice.intersectingBodiesInfo","location":"-k-physics/de.chaffic.rays/-slice/intersecting-bodies-info.html","searchKeys":["intersectingBodiesInfo","val intersectingBodiesInfo: ArrayList<RayInformation>","de.chaffic.rays.Slice.intersectingBodiesInfo"]},{"name":"val intersectionFound: Boolean","description":"de.chaffic.geometry.Shape.IntersectionReturnElement.intersectionFound","location":"-k-physics/de.chaffic.geometry/-shape/-intersection-return-element/intersection-found.html","searchKeys":["intersectionFound","val intersectionFound: Boolean","de.chaffic.geometry.Shape.IntersectionReturnElement.intersectionFound"]},{"name":"val isValid: Boolean","description":"de.chaffic.collision.AxisAlignedBoundingBox.isValid","location":"-k-physics/de.chaffic.collision/-axis-aligned-bounding-box/is-valid.html","searchKeys":["isValid","val isValid: Boolean","de.chaffic.collision.AxisAlignedBoundingBox.isValid"]},{"name":"val isValid: Boolean","description":"de.chaffic.math.Vec2.isValid","location":"-k-physics/de.chaffic.math/-vec2/is-valid.html","searchKeys":["isValid","val isValid: Boolean","de.chaffic.math.Vec2.isValid"]},{"name":"val isZero: Boolean","description":"de.chaffic.math.Vec2.isZero","location":"-k-physics/de.chaffic.math/-vec2/is-zero.html","searchKeys":["isZero","val isZero: Boolean","de.chaffic.math.Vec2.isZero"]},{"name":"val linesToBodies: ArrayList<Vec2?>","description":"de.chaffic.explosions.ProximityExplosion.linesToBodies","location":"-k-physics/de.chaffic.explosions/-proximity-explosion/lines-to-bodies.html","searchKeys":["linesToBodies","val linesToBodies: ArrayList<Vec2?>","de.chaffic.explosions.ProximityExplosion.linesToBodies"]},{"name":"val maxDistance: Double","description":"de.chaffic.geometry.Shape.IntersectionReturnElement.maxDistance","location":"-k-physics/de.chaffic.geometry/-shape/-intersection-return-element/max-distance.html","searchKeys":["maxDistance","val maxDistance: Double","de.chaffic.geometry.Shape.IntersectionReturnElement.maxDistance"]},{"name":"val minPx: Double","description":"de.chaffic.geometry.Shape.IntersectionReturnElement.minPx","location":"-k-physics/de.chaffic.geometry/-shape/-intersection-return-element/min-px.html","searchKeys":["minPx","val minPx: Double","de.chaffic.geometry.Shape.IntersectionReturnElement.minPx"]},{"name":"val minPy: Double","description":"de.chaffic.geometry.Shape.IntersectionReturnElement.minPy","location":"-k-physics/de.chaffic.geometry/-shape/-intersection-return-element/min-py.html","searchKeys":["minPy","val minPy: Double","de.chaffic.geometry.Shape.IntersectionReturnElement.minPy"]},{"name":"val noOfRays: Int","description":"de.chaffic.rays.ShadowCasting.noOfRays","location":"-k-physics/de.chaffic.rays/-shadow-casting/no-of-rays.html","searchKeys":["noOfRays","val noOfRays: Int","de.chaffic.rays.ShadowCasting.noOfRays"]},{"name":"val normalized: Vec2","description":"de.chaffic.math.Vec2.normalized","location":"-k-physics/de.chaffic.math/-vec2/normalized.html","searchKeys":["normalized","val normalized: Vec2","de.chaffic.math.Vec2.normalized"]},{"name":"val particles: MutableList<Body>","description":"de.chaffic.explosions.ParticleExplosion.particles","location":"-k-physics/de.chaffic.explosions/-particle-explosion/particles.html","searchKeys":["particles","val particles: MutableList<Body>","de.chaffic.explosions.ParticleExplosion.particles"]},{"name":"val pointAttachedTo: Vec2","description":"de.chaffic.joints.JointToPoint.pointAttachedTo","location":"-k-physics/de.chaffic.joints/-joint-to-point/point-attached-to.html","searchKeys":["pointAttachedTo","val pointAttachedTo: Vec2","de.chaffic.joints.JointToPoint.pointAttachedTo"]},{"name":"val proximity: Int","description":"de.chaffic.explosions.ProximityExplosion.proximity","location":"-k-physics/de.chaffic.explosions/-proximity-explosion/proximity.html","searchKeys":["proximity","val proximity: Int","de.chaffic.explosions.ProximityExplosion.proximity"]},{"name":"val ray: Ray","description":"de.chaffic.rays.RayAngleInformation.ray","location":"-k-physics/de.chaffic.rays/-ray-angle-information/ray.html","searchKeys":["ray","val ray: Ray","de.chaffic.rays.RayAngleInformation.ray"]},{"name":"val rayData: ArrayList<RayAngleInformation>","description":"de.chaffic.rays.ShadowCasting.rayData","location":"-k-physics/de.chaffic.rays/-shadow-casting/ray-data.html","searchKeys":["rayData","val rayData: ArrayList<RayAngleInformation>","de.chaffic.rays.ShadowCasting.rayData"]},{"name":"val rayScatter: RayScatter","description":"de.chaffic.explosions.RaycastExplosion.rayScatter","location":"-k-physics/de.chaffic.explosions/-raycast-explosion/ray-scatter.html","searchKeys":["rayScatter","val rayScatter: RayScatter","de.chaffic.explosions.RaycastExplosion.rayScatter"]},{"name":"val rays: MutableList<Ray>","description":"de.chaffic.explosions.RayScatter.rays","location":"-k-physics/de.chaffic.explosions/-ray-scatter/rays.html","searchKeys":["rays","val rays: MutableList<Ray>","de.chaffic.explosions.RayScatter.rays"]},{"name":"val startPoint: Vec2","description":"de.chaffic.rays.Slice.startPoint","location":"-k-physics/de.chaffic.rays/-slice/start-point.html","searchKeys":["startPoint","val startPoint: Vec2","de.chaffic.rays.Slice.startPoint"]},{"name":"var bodies: ArrayList<TranslatableBody>","description":"de.chaffic.dynamics.World.bodies","location":"-k-physics/de.chaffic.dynamics/-world/bodies.html","searchKeys":["bodies","var bodies: ArrayList<TranslatableBody>","de.chaffic.dynamics.World.bodies"]},{"name":"var contactCount: Int = 0","description":"de.chaffic.collision.Arbiter.contactCount","location":"-k-physics/de.chaffic.collision/-arbiter/contact-count.html","searchKeys":["contactCount","var contactCount: Int = 0","de.chaffic.collision.Arbiter.contactCount"]},{"name":"var contactNormal: Vec2","description":"de.chaffic.collision.Arbiter.contactNormal","location":"-k-physics/de.chaffic.collision/-arbiter/contact-normal.html","searchKeys":["contactNormal","var contactNormal: Vec2","de.chaffic.collision.Arbiter.contactNormal"]},{"name":"var contacts: ArrayList<Arbiter>","description":"de.chaffic.dynamics.World.contacts","location":"-k-physics/de.chaffic.dynamics/-world/contacts.html","searchKeys":["contacts","var contacts: ArrayList<Arbiter>","de.chaffic.dynamics.World.contacts"]},{"name":"var direction: Vec2","description":"de.chaffic.rays.Ray.direction","location":"-k-physics/de.chaffic.rays/-ray/direction.html","searchKeys":["direction","var direction: Vec2","de.chaffic.rays.Ray.direction"]},{"name":"var direction: Vec2","description":"de.chaffic.rays.Slice.direction","location":"-k-physics/de.chaffic.rays/-slice/direction.html","searchKeys":["direction","var direction: Vec2","de.chaffic.rays.Slice.direction"]},{"name":"var distance: Double","description":"de.chaffic.rays.Slice.distance","location":"-k-physics/de.chaffic.rays/-slice/distance.html","searchKeys":["distance","var distance: Double","de.chaffic.rays.Slice.distance"]},{"name":"var epicentre: Vec2","description":"de.chaffic.explosions.RayScatter.epicentre","location":"-k-physics/de.chaffic.explosions/-ray-scatter/epicentre.html","searchKeys":["epicentre","var epicentre: Vec2","de.chaffic.explosions.RayScatter.epicentre"]},{"name":"var gravity: Vec2","description":"de.chaffic.dynamics.World.gravity","location":"-k-physics/de.chaffic.dynamics/-world/gravity.html","searchKeys":["gravity","var gravity: Vec2","de.chaffic.dynamics.World.gravity"]},{"name":"var joints: ArrayList<Joint>","description":"de.chaffic.dynamics.World.joints","location":"-k-physics/de.chaffic.dynamics/-world/joints.html","searchKeys":["joints","var joints: ArrayList<Joint>","de.chaffic.dynamics.World.joints"]},{"name":"var max: Vec2","description":"de.chaffic.collision.AxisAlignedBoundingBox.max","location":"-k-physics/de.chaffic.collision/-axis-aligned-bounding-box/max.html","searchKeys":["max","var max: Vec2","de.chaffic.collision.AxisAlignedBoundingBox.max"]},{"name":"var min: Vec2","description":"de.chaffic.collision.AxisAlignedBoundingBox.min","location":"-k-physics/de.chaffic.collision/-axis-aligned-bounding-box/min.html","searchKeys":["min","var min: Vec2","de.chaffic.collision.AxisAlignedBoundingBox.min"]},{"name":"var object1AttachmentPoint: Vec2","description":"de.chaffic.joints.Joint.object1AttachmentPoint","location":"-k-physics/de.chaffic.joints/-joint/object1-attachment-point.html","searchKeys":["object1AttachmentPoint","var object1AttachmentPoint: Vec2","de.chaffic.joints.Joint.object1AttachmentPoint"]},{"name":"var object2AttachmentPoint: Vec2","description":"de.chaffic.joints.JointToBody.object2AttachmentPoint","location":"-k-physics/de.chaffic.joints/-joint-to-body/object2-attachment-point.html","searchKeys":["object2AttachmentPoint","var object2AttachmentPoint: Vec2","de.chaffic.joints.JointToBody.object2AttachmentPoint"]},{"name":"var orientation: Mat2","description":"de.chaffic.geometry.Shape.orientation","location":"-k-physics/de.chaffic.geometry/-shape/orientation.html","searchKeys":["orientation","var orientation: Mat2","de.chaffic.geometry.Shape.orientation"]},{"name":"var penetration: Double","description":"de.chaffic.collision.AxisData.penetration","location":"-k-physics/de.chaffic.collision/-axis-data/penetration.html","searchKeys":["penetration","var penetration: Double","de.chaffic.collision.AxisData.penetration"]},{"name":"var radius: Double","description":"de.chaffic.geometry.Circle.radius","location":"-k-physics/de.chaffic.geometry/-circle/radius.html","searchKeys":["radius","var radius: Double","de.chaffic.geometry.Circle.radius"]},{"name":"var rayInformation: RayInformation? = null","description":"de.chaffic.rays.Ray.rayInformation","location":"-k-physics/de.chaffic.rays/-ray/ray-information.html","searchKeys":["rayInformation","var rayInformation: RayInformation? = null","de.chaffic.rays.Ray.rayInformation"]},{"name":"var referenceFaceIndex: Int = 0","description":"de.chaffic.collision.AxisData.referenceFaceIndex","location":"-k-physics/de.chaffic.collision/-axis-data/reference-face-index.html","searchKeys":["referenceFaceIndex","var referenceFaceIndex: Int = 0","de.chaffic.collision.AxisData.referenceFaceIndex"]},{"name":"var restitution: Double = 0.0","description":"de.chaffic.collision.Arbiter.restitution","location":"-k-physics/de.chaffic.collision/-arbiter/restitution.html","searchKeys":["restitution","var restitution: Double = 0.0","de.chaffic.collision.Arbiter.restitution"]},{"name":"var row1: Vec2","description":"de.chaffic.math.Mat2.row1","location":"-k-physics/de.chaffic.math/-mat2/row1.html","searchKeys":["row1","var row1: Vec2","de.chaffic.math.Mat2.row1"]},{"name":"var row2: Vec2","description":"de.chaffic.math.Mat2.row2","location":"-k-physics/de.chaffic.math/-mat2/row2.html","searchKeys":["row2","var row2: Vec2","de.chaffic.math.Mat2.row2"]},{"name":"var startPoint: Vec2","description":"de.chaffic.rays.Ray.startPoint","location":"-k-physics/de.chaffic.rays/-ray/start-point.html","searchKeys":["startPoint","var startPoint: Vec2","de.chaffic.rays.Ray.startPoint"]},{"name":"var startPoint: Vec2","description":"de.chaffic.rays.ShadowCasting.startPoint","location":"-k-physics/de.chaffic.rays/-shadow-casting/start-point.html","searchKeys":["startPoint","var startPoint: Vec2","de.chaffic.rays.ShadowCasting.startPoint"]},{"name":"var vertices: Array<Vec2>","description":"de.chaffic.geometry.Polygon.vertices","location":"-k-physics/de.chaffic.geometry/-polygon/vertices.html","searchKeys":["vertices","var vertices: Array<Vec2>","de.chaffic.geometry.Polygon.vertices"]},{"name":"var x: Double = 0.0","description":"de.chaffic.math.Vec2.x","location":"-k-physics/de.chaffic.math/-vec2/x.html","searchKeys":["x","var x: Double = 0.0","de.chaffic.math.Vec2.x"]},{"name":"var y: Double = 0.0","description":"de.chaffic.math.Vec2.y","location":"-k-physics/de.chaffic.math/-vec2/y.html","searchKeys":["y","var y: Double = 0.0","de.chaffic.math.Vec2.y"]}]
